Word,Count
+,1852
=,542
\"\'\,301
and,224
\"\','"\\,191
\"\\,118
dbCmd4);,101
ref,101
new,97
string,95
\'"\\,89
\"\'and\,74
{,69
DbCommand,65
\"\1"\;\,64
DataBaseHandler,61
Connection,61
\"\ccode\,58
},52
\mut_no="\\,51
\"\"\,\,49
\String"\);\,48
\,'"\\,47
the,43
AND,41
set,39
\DbType.String,\,39
\"\','"\,\,36
\"\'"\,\,36
of,34
\Application["\view"\]\,32
\Session["\CircleClick"\]\,32
\handler2.SetInParameter(command2,\,32
\"\Tahsil\,31
\"\mut_status_code=2"\,\,30
return,30
\"\.mutregister"\,\,30
handler2,30
\DataBaseHandler(dbname,\,30
\"\ccode='"\\,29
\"\'"\\,29
DataSet,29
\"\.tblrordetails"\,\,29
command,28
command2;,28
in,28
if,28
\"\.mut_kharedi"\,\,28
\"\pending_mut_flag='F'"\,\,27
\"\',"\\,27
\pin4='"\\,25
from,25
\pin1='"\\,25
\pin='"\\,25
\pin7='"\\,25
DataSet();,25
\pin2='"\\,25
\pin6='"\\,25
\pin3='"\\,25
\pin5='"\\,25
int,23
handler,23
query,23
handler2.SetCommandText(SchemaName,22
command2,22
CommandType.StoredProcedure);,22
ccode,21
\mutationno="\\,21
to,20
str5,20
where,20
\"\and\,19
CommandType.Text);,19
\remark='Itar-M'"\,\,19
\"\or_code4=2"\,\,19
(DataRow,18
WHEN,18
for,18
THEN,18
\"\,'"\\,18
\ds1.Tables[0].Rows[k]["\pin"\].ToString()\,18
pin8,18
foreach,18
TableName,18
+=,17
\"\"\;\,16
==,16
0;,16
Convert.ToString(ccode)+,16
\='"\\,16
\"\',"\+Convert.ToInt32(mutno)+"\,'"\+Convert.ToString(row2["\firstname"\]).Trim()+"\','"\+Convert.ToString(row2["\middlename"\]).Trim()+"\','"\+Convert.ToString(row2["\surname"\]).Trim()+"\','"\"\',\,16
waras.Schema,16
waras.Ccode,16
zstr5,16
\="\'"\+\,16
\"\',\,15
\"\.sptblmutregister_all"\,\,14
str4,14
bojaK.Schema,14
\objclscommonfunedit.funUpdateValue(waras.Database,\,14
<param,14
or,14
cmdText,14
handler2.ExecuteNonQuery(command2);,14
bojaK.Ccode,14
});,13
\ccode,\,13
\DataBaseHandler(databaseName,\,13
by,13
strCommand,12
boja.Ccode,12
condition,12
boja.Schema,12
as,12
SchemaName,12
\loginid,\,12
Condition,12
\"\;"\;\,12
\pin4,\,11
\pin5,\,11
into,11
\handler.SelectCommandText(TableName,\,11
\pin1,\,11
\pin2,\,11
number,11
\ColValue,\,11
update,11
\pin3,\,11
decimal,11
Orderby);,11
\Condition,\,11
Convert.ToString(ccode),10
\handler.SetCommandText(query,\,10
\"\"\);\,10
\String1"\);\,10
\,\,10
\objclscommonfunedit.funUpdateValue(bojaK.Database,\,10
\"\database\,10
is,10
',10
row,10
0),10
\DataBaseHandler("\Linkage\,10
bojaAadeshane.Ccode,9
\ds1.Tables[0].Rows[k]["\mut_no"\]\,9
\ds1.Tables[0].Rows[k]["\pin5"\].ToString()\,9
handler.ExecuteNonQuery(command);,9
text)||,9
\"\Update\,9
\pin8='"\\,9
data,9
\"\ccode,numeric_pin,pin,\,9
ColValue,9
\ds1.Tables[0].Rows[k]["\pin4"\].ToString()\,9
\ds1.Tables[0].Rows[k]["\tenure_code"\].ToString()\,9
\ds1.Tables[0].Rows[k]["\pin1"\].ToString()\,9
\ds1.Tables[0].Rows[k]["\tenure_sub_code"\]\,9
japti.Ccode,9
num,9
/,9
bojaAadeshane.Schema,9
\ds1.Tables[0].Rows[k]["\usrno"\]\,9
\pin6,pin7,\,9
Convert.ToInt32(mutno),9
\ds1.Tables[0].Rows[k]["\pin7"\].ToString()\,9
japti.Schema,9
'',9
\ds1.Tables[0].Rows[k]["\pin6"\].ToString()\,9
\ds1.Tables[0].Rows[k]["\pin3"\].ToString()\,9
\ds1.Tables[0].Rows[k]["\pin2"\].ToString()\,9
'/',9
\ds1.Tables[0].Rows[k]["\pin8"\].ToString()\,9
SetCol,9
marked,8
dbCommand.ExecuteNonQuery();,8
query;,8
form7_khata,8
END),8
mut_no,8
\ds1.Tables[0].Rows[k]["\buyer_name"\]\,8
seller_area_culti,8
public,8
waras,8
||(CASE,8
string.Concat(new,8
names,8
object[],8
\"\.sptblmutregister_all_em"\,\,8
dbHandler,8
\pin8,other_rights_code,other_rights_sub_code,tenant_name,mut_no,usrno"\,\,8
survey,8
\"\.form7_orights"\,\,8
\dbHandler.SetInParameter(dbCmd,\,8
with,7
\"\select\,7
SchemaName);,7
statement,7
GahanKhat.Schema,7
Transact-postgres,7
\"\@para_table_name"\,\,7
\"\@para_column_name"\,\,7
\DbType.Binary,\,7
command2.ExecuteNonQuery();,7
<>'Y',7
\"\Database\,7
\objclscommonfunedit.funUpdateValue(boja.Database,\,7
\"\;\,7
live,7
currently,7
\"\@para_column_value"\,\,7
from7_khata,7
\"\or_code4=1"\,\,7
putting,7
dieseased,7
\"\*"\,\,7
handler.FillDataset(command);,7
PinTable.Rows),7
records,7
\this.funForm7_MutEntry((string)ViewState["\ccode"\],\,7
\objclscommonfunedit.funUpdateValue(japti.Database,\,7
CommandType.StoredProcedure;,7
\objclscommonfunedit.funUpdateValue(bojaAadeshane.Database,\,7
\"\@para_schema_name"\,\,7
\"\Insert\,7
not,7
person,7
\objclscommonfunedit.funUpdateValue(GahanKhat.Database,\,7
GahanKhat.Ccode,7
ddl.DataValueField,6
i,6
\Convert.ToString(row["\pin7"\])\,6
\Convert.ToString(row["\pin4"\])\,6
\Convert.ToString(row["\pin3"\])\,6
mutation,6
ddl.DataBind();,6
\"\,"\\,6
\Convert.ToString(row["\pin8"\])\,6
//,6
null)),6
\"\);"\;\,6
\Convert.ToString(row["\pin6"\])\,6
potkharaba,6
else,6
char[],6
str5);,6
\Convert.ToString(row["\pin1"\])\,6
\Convert.ToString(row["\pin"\])\,6
ddl.DataTextField,6
be,6
date1,6
\Convert.ToString(row["\pin5"\])\,6
ikrar.Schema,6
str4);,6
name,6
ikrar.Ccode,6
\"\("\\,6
-,6
k,6
ddl.DataSource,6
rows,6
vapratBadal.Schema,6
Convert.ToInt32(waras.Val),6
vapratBadal.Ccode,6
topan_name,6
Convert.ToInt32(GahanKhat.Val),5
\Convert.ToString(DS_F7K.Tables[0].Rows[i]["\pin5"\]),\,5
holder_detail,5
\Convert.ToString(DS_F7K.Tables[0].Rows[i]["\pin7"\]),\,5
\mut_no='"\\,5
Waras_certify(dbCmd4);,5
select,5
Convert.ToInt32(japti.Val),5
dbCommand.CommandText,5
</summary>,5
on,5
Convert.ToInt32(bojaK.Val),5
!=,5
loop,5
\Convert.ToString(DS_F7K.Tables[0].Rows[i]["\pin6"\]),\,5
TableName;,5
\Convert.ToString(DS_F7K.Tables[0].Rows[i]["\pin8"\]));\,5
\"\.sptblmutregister_all"\;\,5
Khata,5
New,5
set.Tables[0].DefaultView;,5
\Convert.ToString(DS_F7K.Tables[0].Rows[i]["\pin3"\]),\,5
which,5
\Convert.ToString(DS_F7K.Tables[0].Rows[i]["\pin4"\]),\,5
//dbCommand.CommandText,5
waras.Val,5
\Convert.ToString(waras.Val),\,5
***************for,5
Open,5
stored,5
\Convert.ToString(DS_F7K.Tables[0].Rows[i]["\pin2"\]),\,5
//return,5
\Convert.ToString(DS_F7K.Tables[0].Rows[i]["\pin"\]),\,5
1,5
Convert.ToInt32(boja.Val),5
\Convert.ToString(DS_F7K.Tables[0].Rows[i]["\pin1"\]),\,5
are,5
(i,5
<summary>,5
str6,5
login_id,5
Convert.ToInt32(bojaAadeshane.Val),5
Loop,5
:,5
vikri_area,5
ds,5
strArray,5
source.</param>,5
a,5
\"\update\,5
\ddl.Items.Insert(0,\,5
assembly,5
raj.Schema,5
thru,5
\"\',"\;\,5
\"\"\\,5
//string,5
single,5
raj.Ccode,5
\Convert.ToDecimal(row2["\nave_area"\]);\,5
rem_area,5
DateTime,5
\Convert.ToInt32(0x35),\,4
\"\"\)\,4
updated,4
taran.Schema,4
first,4
\ds1.Tables[0].Rows[k][34].ToString(),\,4
punrvasan.Schema,4
\ds1.Tables[0].Rows[k][32].ToString(),\,4
\"\)\,4
waras.Pin2,4
\Convert.ToString(row["\pin5"\]),\,4
\obj2,\,4
\Convert.ToString(row["\pin2"\])\,4
\"\',"\,\,4
\ds1.Tables[0].Rows[k][31].ToString(),\,4
tenure.Ccode,4
tempint,4
insert,4
waras.Pin6,4
catch,4
ColName,4
waras.Pin3,4
<returns>The,4
\this.funForm7_MutEntry(bojaK.Ccode,\,4
\Convert.ToString(row["\pin"\]),\,4
lease.Schema,4
\"\+\,4
\Convert.ToString(row["\pin1"\]),\,4
\Convert.ToString(row["\pin7"\]),\,4
old_mut_no_bracket,4
1;,4
\deal_text,\,4
obj2,4
\"\@para_photodata"\,\,4
set.Tables[0].Columns[0].ColumnName;,4
\"\@para_login_id"\,\,4
\"\,'"\,\,4
set.Tables[0].Columns[1].ColumnName;,4
waras.Pin,4
\Convert.ToString(ccode),\,4
waras.Pin4,4
\this.SetInParameter(dbCommand,\,4
\ds1.Tables[0].Rows[k][30].ToString(),\,4
\Convert.ToString(row["\pin3"\]),\,4
waras.Pin8,4
\values("\\,4
\dsOld.Tables[0].Rows[i]["\pin"\].ToString()\,4
schemaname,4
\ds1.Tables[0].Rows[k][35].ToString(),\,4
DS_F7K,4
\ds1.Tables[0].Rows[k][29].ToString(),\,4
num2,4
those,4
\Convert.ToString(row["\pin8"\]),\,4
\"\,\,4
taran.Ccode,4
\ds1.Tables[0].Rows[k][28].ToString(),\,4
dr,4
lease.Ccode,4
usrno,4
\"\@para_app_name"\,\,4
object,4
189,4
tenure.Schema,4
processing,4
DS_MKB,4
handler.ExecuteScalarstring(command);,4
waras.Pin7,4
waras.Pin5,4
waras.Pin1,4
ds1.Tables[0].Rows[k][36].ToString());,4
punrvasan.Ccode,4
\ccode='"\\,4
num;,4
\Convert.ToString(row["\pin2"\]),\,4
\Convert.ToString(row["\pin4"\]),\,4
\Convert.ToString(row["\pin6"\]),\,4
\ds1.Tables[0].Rows[k][33].ToString(),\,4
2.21/12/2015,4
session(usrno),4
>,4
\Convert.ToString(old_mut_no_bracket),\,4
byPhotoData);,4
tblrordetails,4
join,4
\Convert.ToInt32(mutno),\,4
procedure,3
ddl.SelectedIndex,3
\user_type='1'"\,\,3
an,3
flag.Tables[0].Rows),3
\objclscommonfunedit.funUpdateValue(vapratBadal.Database,\,3
\flag.Tables[0].Rows[i]["\pin2"\].ToString()\,3
1.21/12/2015,3
vikri_area;,3
area,3
2,3
Convert.ToInt32(tenure.Val),3
\Sellertable.Rows[i]["\sellerfname"\].ToString().Split(new\,3
\flag.Tables[0].Rows[i]["\pin6"\].ToString()\,3
Executes,3
\objclscommonfunedit.funUpdateValue(lease.Database,\,3
str6);,3
(int,3
\flag.Tables[0].Rows[i]["\pin"\].ToString()\,3
\"\Y"\,\,3
Convert.ToInt32(punrvasan.Val),3
\"\Delete\,3
indicating,3
\"\-------Select\,3
following,3
Convert.ToInt32(taran.Val),3
ex),3
\objclscommonfunedit.funUpdateValue(ikrar.Database,\,3
DS_MK.Tables[0].Rows),3
\,"\stringname"\,DbType,objectvalue);\,3
Convert.ToInt32(lease.Val),3
\objclscommonfunedit.funUpdateValue(punrvasan.Database,\,3
dbHandler.FillDataset(dbCmd);,3
mut_kharedi_seller,3
\name="\cmdType"\>A\,3
result,3
only,3
\objclscommonfunedit.funUpdateValue(tenure.Database,\,3
\objclscommonfunedit.funUpdateValue(taran.Database,\,3
\fname,\,3
num4,3
kharedi.Ccode,3
Convert.ToInt32(vapratBadal.Val),3
open,3
\"\LRSRO\,3
command2.CommandType,3
System.Data.SqlClient.NpgsqlCommand.CommandText,3
property,3
used,3
\"\username"\,\,3
\mutno,\,3
\flag.Tables[0].Rows[i]["\pin8"\].ToString()\,3
command2.CommandText,3
\numeric_pin="\\,3
\flag.Tables[0].Rows[i]["\pin7"\].ToString()\,3
at,3
\"\'"\;\,3
returns,3
<=,3
DR_MK,3
kharedi.Val,3
interpreted.</param>,3
error_code,3
Version,3
thumbMinutia);,3
\"\@para_minutia"\,\,3
\dbname,\,3
flag,3
\DataBaseHandler(DBName,\,3
connection,3
kharedi.Schema,3
DS_MK,3
dbCmd,3
12,3
charseperator[0],3
\SchemaName,\,3
\flag.Tables[0].Rows[i]["\pin5"\].ToString()\,3
\StringMutation"\);\,3
DS_MKS,3
this,3
\name="\cmd"\>The\,3
(Exception,3
\"\.m_officermast"\,\,3
\objclscommonfunedit.funReturnSingleValue(dbname,\,3
how,3
dataset,3
\flag.Tables[0].Rows[i]["\pin1"\].ToString()\,3
3.21/12/2015,3
\"\mut_no='"\\,3
\Convert.ToDecimal(row2["\vikri_area"\]);\,3
Convert.ToInt32(ikrar.Val),3
\Item------"\);\,3
execute,3
value,3
*,3
(dbCommand,3
Dtseller.Rows),3
\flag.Tables[0].Rows[i]["\pin3"\].ToString()\,3
retrive,3
\flag.Tables[0].Rows[i]["\pin4"\].ToString()\,3
\(string)ViewState["\pin3"\],\,2
ds.Tables[0].Rows[i][10].ToString(),2
khatano,2
\mname,\,2
TODO:,2
\Convert.ToString(row["\TKN"\])\,2
\flag.Tables[0].Rows[y]["\pin6"\].ToString()\,2
ComVisible,2
certify.Pin7,2
\"\.form7_orights"\,userid,\,2
//command2.ExecuteNonQuery();,2
\dbHandler.SetCommandText(strCommand,\,2
\dsNew.Tables[0].Rows[i]["\pin"\].ToString()\,2
Was,2
transaction,2
//command2.CommandType,2
nave_area,2
\dsOld.Tables[0].Rows[i]["\pin3"\].ToString()\,2
row2,2
npin,2
\Buyertable.Rows[j]["\buyerfname"\].ToString().Split(new\,2
dbCommand,2
\objclscommonfunedit.funInserSingleValue(raj.Database,\,2
//DbCommand,2
use,2
Function,2
wise,2
affected,2
ds.Tables[0].Rows[i][8].ToString(),2
\ds.Tables[0].Rows[i]["\pin2"\].ToString()\,2
ds.Tables[0].Columns[1].ColumnName;,2
0.01,2
DS_HD,2
\handler.SetInParameter(command,\,2
bojaK.Val,2
\DataBaseHandler(db_name,\,2
Insert,2
\dsOld.Tables[0].Rows[i]["\pin5"\].ToString()\,2
\Convert.ToString(row2["\firstname"\]).Trim();\,2
ds1.Tables[0].Rows[k][36].ToString(),2
objclscommonfunedit.funUpdateValue(,2
y,2
(buyer,2
(DS_MK.Tables[0].Rows[0].ItemArray[0].ToString(),2
\Convert.ToString(row["\seller_khata_no"\])\,2
ds1.Tables[0].Rows[k][31].ToString(),2
certify.Ccode,2
certify.Pin3,2
\ds.Tables[0].Rows[i]["\pin8"\].ToString()\,2
3,2
type,2
TOPANANEM,2
sqlAdapter.Dispose();,2
\(string)ViewState["\pin4"\],\,2
source,2
\DR_F7K["\pin8"\].ToString()\,2
certify.Pin1,2
//command2.CommandText,2
ds1.Tables[0].Rows[k][28].ToString(),2
order,2
i++),2
against,2
procedure.</param>,2
ds1.Tables[0].Rows[k][35].ToString(),2
11012016,2
\if(ColName!="\"\)\,2
mark)****************************,2
System.Data.DataSet,2
y++;,2
ds1.Tables[0].Rows[k][34].ToString(),2
ds.Tables[0].DefaultView;,2
\dsOld.Tables[0].Rows[i]["\pin2"\].ToString()\,2
(Orderby,2
\row2["\pins"\].ToString().Split('/')[6];\,2
\flag.Tables[0].Rows[y]["\pin7"\].ToString()\,2
lname1,2
\flag.Tables[0].Rows[y]["\pin2"\].ToString()\,2
certify.Pin2,2
mname1,2
10,2
GahanKhat.Val,2
\dbHandler.SetCommandText(cmdText,\,2
Convert.ToDecimal(str6),2
ds1.Tables[0].Rows[k][29].ToString(),2
\DR_F7K["\pin2"\].ToString()\,2
\"\marked='Y'\,2
WHERE,2
\"\.form12_main\,2
\Convert.ToString(row["\buyer_khata_no"\])\,2
fpin1,2
fpin8,2
4.11012016,2
\objclscommonfunedit.funReturnDataSet(raj.Database,\,2
that,2
assign,2
\DR_F7K["\pin"\].ToString()\,2
\DR_F7K["\pin4"\].ToString()\,2
\Convert.ToString(row["\buyer_lname"\])\,2
information,2
\Convert.ToString(row["\pin2"\]);\,2
While,2
raj.Val,2
pin5,2
\pin6,\,2
vadiVibhajan.Schema,2
\row2["\pins"\].ToString().Split('/')[1];\,2
table,2
might,2
fpin;,2
parameters,2
8,2
\dsOld.Tables[0].Rows[i]["\ccode"\]\,2
13,2
\ds.Tables[0].Rows[i]["\pin3"\].ToString()\,2
ds.Tables[0].Columns[0].ColumnName;,2
Command.Dispose();,2
\Convert.ToString(row2["\middlename"\]).Trim();\,2
you,2
\pin,\,2
pin,2
Build,2
ds.Tables[0].Rows[i][15].ToString(),2
\DR_F7K["\pin1"\].ToString()\,2
\Convert.ToString(row["\buyer_tname"\])\,2
\"\Record\,2
\"\64"\)\,2
\DS_HD(usrno),\,2
fpin4,2
login_id);,2
\"\_his.form7"\,\,2
fpin6;,2
(!(Command,2
COM,2
certify.Pin,2
timestamp,2
form_name,2
bojaAadeshane.Val,2
\row2["\pins"\].ToString().Split('/')[0];\,2
ds1,2
\"\insert\,2
can,2
\Convert.ToString(row["\buyer_fname"\])\,2
\objclscommonfunedit.funInserSingleValueSevarthID(ikrar.Database,\,2
\ds.Tables[0].Rows[i]["\pin4"\].ToString()\,2
\values('"\\,2
@ColValue,2
fname1,2
handler.ExecuteScalar(command);,2
pin4,2
\dsOld.Tables[0].Rows[i]["\pin7"\].ToString()\,2
m.isobjection;,2
\objclscommonfunedit.funReturnDataSet(kharedi.Database,\,2
dbCommand.CommandType,2
fpin2,2
or_code4,2
\row2["\pins"\].ToString().Split('/')[8];\,2
\DR_F7K["\pin5"\].ToString()\,2
(Red,2
transaction.Dispose();,2
ds1.Tables[0].Rows[k][33].ToString(),2
\lname='"\\,2
************************,2
mname1.Trim(),2
set;,2
5,2
\"\/"\\,2
15,2
ds.Tables[0].Rows[i][13].ToString(),2
\+"\\,2
khata_no,2
boja.Val,2
pin2,2
\Convert.ToString(row["\purchase_area"\])\,2
\Convert.ToString(drpin["\pin"\])\,2
affected.</returns>,2
\DataBaseHandler(databasname,\,2
9,2
\"\mut_kharedi_seller"\;\,2
NULLS,2
\fname,mname,lname,topan_name\,2
),2
\ds.Tables[0].Rows[i]["\pin"\].ToString()\,2
col_value,2
\dsOld.Tables[0].Rows[i]["\pin8"\].ToString()\,2
\"\mutationno='"\\,2
\mname='"\\,2
\Convert.ToString(row["\buyer_potkharaba"\])\,2
error_dtls,2
\objclscommonfunedit.funUpdateValueSevarthID(waras.Database,\,2
\vadiVibhajan.Database,\,2
\DR_F7K["\pin6"\].ToString()\,2
Pending,2
lblland.Text,2
\fname='"\\,2
\userid,\,2
fpin3;,2
hakka,2
sch_name,2
\dsOld.Tables[0].Rows[i]["\pin6"\].ToString()\,2
\dsOld.Tables[0].Rows[i]["\pin1"\].ToString()\,2
ds1.Tables[0].Rows[k][30].ToString(),2
certify.Schema,2
null,2
\topan_name,\,2
7,2
\"\ccode,mut_no,fname,mname,lname,pin,pin1,pin2,pin3,pin4,pin5,pin6,pin7,pin8,seller_area_h,seller_usrno,tenure_code,seller_area_culti,seller_anne,seller_khata_no,usrno"\;\,2
\"\.sp_insert"\;\,2
raj.Val.ToString(),2
\name="\parameters"\>The\,2
\dsOld.Tables[0].Rows[i]["\pin4"\].ToString()\,2
\objclscommonfunedit.funInserSingleValue_audit(boja.Database,\,2
Convert.ToString(row2[2]);,2
\(string)ViewState["\pin1"\],\,2
\"\,53,0,"\\,2
rcis_uni.error_details,2
certify.Pin6,2
\row2["\pins"\].ToString().Split('/')[2];\,2
ds.Tables[0].Rows[i][12].ToString(),2
fpin5,2
correct,2
\Convert.ToString(row2["\khata_no"\])\,2
lname1.Trim(),2
\asc,m.mut_status_code\,2
vapratBadal.Val,2
\Convert.ToInt32(row2["\partysrno"\])\,2
\lname,\,2
TableName.Split('.')[0].ToString(),2
\Convert.ToString(row["\buyer_mname"\])\,2
attribute,2
\"\mut_no="\\,2
ds.Tables[0].Rows[i][9].ToString(),2
pin6,2
pin1,2
ink,2
Order,2
DateTime();,2
\(string)ViewState["\pin6"\],\,2
\(login_id,form_name,date_time,error_code,error_dtls)\,2
PinTable),2
mut_no.Trim(),2
\row2["\pins"\].ToString().Split('/')[3];\,2
\flag.Tables[0].Rows[y]["\pin3"\].ToString()\,2
\DR_F7K["\pin3"\].ToString()\,2
\(string)ViewState["\pin8"\]);\,2
\flag.Tables[0].Rows[y]["\pin4"\].ToString()\,2
fname,2
\LAST,\,2
or_code3,2
\"\DBATOOL"\);\,2
str7,2
\ds.Tables[0].Rows[i]["\pin1"\].ToString()\,2
\"\.mutregister\,2
\Convert.ToString(row["\buyer_assessment"\])\,2
fname1.Trim(),2
\row2["\pins"\].ToString().Split('/')[4];\,2
\flag.Tables[0].Rows[y]["\pin"\].ToString()\,2
\objclscommonfunedit.funUpdateValueSevarthID(bojaK.Database,\,2
\pin8,\,2
ds.Tables[0].Rows[i][11].ToString(),2
pin3,2
\(string)ViewState["\pin"\],\,2
14,2
\row3["\name"\]\,2
\pin7,\,2
\DR_F7K["\numeric_pin"\].ToString()\,2
column,2
DataTable,2
11,2
loginid);,2
ds.Tables[0].Rows[i][14].ToString(),2
\(string)ViewState["\pin7"\],\,2
\(string)ViewState["\pin2"\],\,2
4,2
\objclscommonfunedit.funUpdateValueSevarthID(vapratBadal.Database,\,2
\khata_no,\,2
num4;,2
\ds.Tables[0].Rows[i]["\pin7"\].ToString()\,2
\sesion,\,2
\"\.notice_names\,2
fpin7,2
\DR_F7K["\pin7"\].ToString()\,2
\flag.Tables[0].Rows[y]["\pin5"\].ToString()\,2
values,2
\objclscommonfunedit.funInserSingleValue(boja.Database,\,2
pin7,2
\"\',na_assessment='"\\,2
\"\'"\);\,2
Exit,2
\(string)ViewState["\mut_no_val"\]\,2
certify.Pin5,2
\(string)ViewState["\pin5"\],\,2
\DSMR("\mut_type"\)\,2
\ds.Tables[0].Rows[i]["\pin5"\].ToString()\,2
ds1.Tables[0].Rows[k][32].ToString(),2
Orderby;,2
\row2["\pins"\].ToString().Split('/')[5];\,2
str7);,2
\password='"\\,2
//dbHandler.SetInParameter,2
dsmutregi,2
\Convert.ToString(row2["\surname"\]).Trim();\,2
japti.Val,2
\flag.Tables[0].Rows[y]["\pin8"\].ToString()\,2
Revision,2
(!(sqlAdapter,2
\asc,notice_issue_date_order\,2
\flag.Tables[0].Rows[y]["\pin1"\].ToString()\,2
(!(transaction,2
certify.Pin8,2
\ccode,fname,mname,lname,topan_name\,2
\"\.form7_mut_no"\,\,2
\ds.Tables[0].Rows[i]["\pin6"\].ToString()\,2
ds.Tables[0].Rows[i][7].ToString(),2
mk.or_code4,2
\Convert.ToString(mold_mutno),\,2
\name='"\\,2
\row2["\pins"\].ToString().Split('/')[7];\,2
\"\eMutation"\);\,2
\DR_F7K["\khata_no"\].ToString()\,2
certify.Pin4,2
\objHistory.insertdata_history(history,\,2
form1e,1
form12_uncultiland,1
\Convert.ToString(drpin["\pin6"\])\,1
\Sellertable.Rows[i]["\pin"\].ToString()\,1
funmutkharedisellerkhataName(string,1
\sch_name,string\,1
types,1
pin7='',1
\ds_h.Tables[0].Rows[i]["\pin3"\].ToString();\,1
\DataBaseHandler(boja.Database,\,1
Into,1
ds8a,1
\mk.mut_no=m.mut_no"\\,1
\fpin6,string\,1
empty.</returns>,1
\mutType,\,1
\year_culti="\\,1
Kharedi,1
consists,1
Convert.ToString(row2[3]).Trim();,1
Logic,1
Convert.ToInt32(str11),1
ignored,1
\fpin7,string\,1
form3,1
If,1
\Convert.ToString(row["\khata_no"\])\,1
mut_kharedi,1
reference,1
sevarth_id);,1
o,1
DateTime.Now;,1
\Convert.ToString(drpin["\pin3"\])\,1
You,1
DSMKS,1
strarrDate,1
history.Schema,1
history.Pin4,1
session(khata_no),1
\flag.Tables[0].Rows[j]["\pin5"\].ToString()\,1
\flag.Tables[0].Rows[j]["\pin4"\].ToString()\,1
o.username=@sevarthid,1
(ds_h.Tables[0].Rows.Count,1
form7_area,1
\objclscommonfunedit.funReturnSingleValueInt(certify.Database,\,1
\Convert.ToString(row["\seller_lname"\])\,1
\pin8,other_rights_code,other_rights_sub_code,mut_no,usrno,old_mut_no"\,\,1
pin6<>'',1
Calls,1
\DS_F7K("\marked"\)\,1
\"\.m_officermast\,1
\m.mut_status_code,mk.ccode,mk.mut_no,v.village_name,mk.ccode,mk.mut_no,m.mut_name,m.mut_type,pin,pin1,pin2,pin3,pin4,pin5,pin6,pin7,pin8,rtrim(((CASE\,1
dbHandler.ExecuteNonQuery(dbCmd3);,1
Convert.ToDecimal(str9),1
\query,\,1
ccode);,1
\Sellertable.Rows[i]["\pin7"\].ToString()\,1
\Convert.ToString(row["\special_case"\])\,1
\objclscommonfunedit.funUpdateValue(raj.Database,\,1
charseperator[1],1
i3;,1
\handler2.SetCommandText(str54,\,1
pin6='',1
\"\',mutation_no='"\\,1
==0),1
prices),1
\dsNew.Tables[0].Rows[i]["\pin7"\].ToString()\,1
col_name,1
18,1
\"\',pai='"\\,1
\"\.pre_form7_khata"\,\,1
\m.isobjection,to_char(m.notice_issue_date,'DD/MM/YYYY')as\,1
na.Schema,1
index,1
\objclscommonfunedit.funUpdateValueSevarthID(lease.Database,\,1
\objclscommonfun.funReturnIfExistValue(certify.Database,\,1
pin7<>'',1
form12_main,1
numeric_pin=',1
col_value);,1
raj.Schema;,1
\"\',buyer_anne="\\,1
ma,1
dbHandler.FillDataset(dbCommand);,1
fetch,1
strarrDate[2];,1
\Buyertable.Rows[j]["\buyermname"\].ToString().Trim()\,1
access,1
\"\ccode,mut_no,mut_date,mut_type,mut_name,talathi_id,ref_no1,ref_no2,ref_date2,amount,mut_status_code"\;\,1
\ds_h.Tables[0].Rows[i]["\pin2"\].ToString();\,1
\"\.mut_kharedi_buyer"\,\,1
deleting,1
\objclscommonfunedit.funInserSingleValue(bojaAadeshane.Database,\,1
EeKuMe,1
visible,1
\Buyertable.Rows[j]["\buyerfname"\].ToString().Trim()\,1
\objclscommonfunedit.funInserSingleValue(bojaK.Database,\,1
(DS_HD),1
\Store"\;\,1
\"\@sevarthid"\,\,1
\"\.mutregister_audit\,1
\END)),'/')AS\,1
lease.Val,1
(or_code4,1
rcis_uni.error_master,1
pin2='',1
\seller_area_culti='"\\,1
Number,1
\set,\,1
\"\.mut_kharedi_buyer\,1
Dec,1
funmutkharedibuyerkhataName(string,1
makes,1
Convert.ToString(docno),1
\Sellertable.Rows[i]["\pin5"\].ToString()\,1
func.ConvertDateToMMddyyyyFormat(docdate.ToShortDateString()),1
default,1
deleted,1
23,1
\Convert.ToString(drpin["\pin7"\])\,1
\DR_MK["\pin3"\]\,1
pin8<>'',1
pin2<>'',1
\flag.Tables[0].Rows[j]["\pin1"\].ToString()\,1
form1d,1
FillGridViewCircle(string,1
checkmain(string,1
specified,1
\buyer_doc_type1=57"\,\,1
(DS_MKS),1
\Convert.ToDateTime(func.ConvertDateToMMddyyyyFormat(Convert.ToString(row2["\sellerdate"\])));\,1
history.Pin8,1
true,1
history.Database,1
\grv,\,1
\mutdate1,\,1
want,1
\Buyertable.Rows[j]["\buyerlname"\].ToString().Trim()\,1
return;,1
pin8='',1
\"\,1"\;\,1
ExecuteScalarString(DbCommand,1
history.Pin1,1
cast(pin7,1
6,1
pin1='',1
\flag.Tables[0].Rows[j]["\pin8"\].ToString()\,1
\"\mut_kharedi_buyer_khata"\;\,1
modify,1
\AAPpKa,\,1
charseperator,1
\name="\updateCmd"\>A\,1
//this,1
\"\.mut_kharedi_seller"\,\,1
\ccode,mut_no\,1
\"\',anne='"\\,1
cast(pin4,1
\='"\+vcode.Trim()+"\'\,1
cast(pin5,1
\fpin1,string\,1
form12,1
\session(:khata_no"\)\,1
\v.ccode=o.ccode"\\,1
\handler.SetCommandText(cmdText,\,1
\seller_khata_no,\,1
form8a,1
\mutName,\,1
\name="\ds"\>The\,1
table_name3);,1
Non,1
\docno,\,1
System.Data.DataTable,1
history.Pin,1
method,1
Convert.ToString(loginid),1
The,1
\DR_MK["\pin"\]\,1
Rajptrane,1
history.Pin3,1
four,1
====================================================,1
\DR_MKB["\mname"\]\,1
save,1
\+"\and\,1
string[],1
\DR_MK["\pin4"\]\,1
Convert.ToString(mutName),1
\Buyertable.Rows[j]["\pin8"\].ToString()\,1
Convert.ToInt32(mutno);,1
\Convert.ToString(row["\lname"\])\,1
cast(pin2,1
Certification,1
\11,\,1
funSetDropDownList(string,1
\Buyertable.Rows[j]["\pin"\].ToString()\,1
=Convert.ToDateTime(,1
\"\ccode,fname,mname,lname,topan_name,khata_no,usrno,numeric_pin,pin,pin1,pin2,pin3,pin4,pin5,pin6,pin7,pin8,mut_no"\,\,1
error_mar,1
\(kharedi.Database,\,1
\dsNew.Tables[0].Rows[i]["\pin8"\].ToString()\,1
\dsNew.Tables[0].Rows[i]["\pin4"\].ToString()\,1
dsseason,1
\mutation_no"\,\,1
\Convert.ToString(row["\seller_mname"\])\,1
\"\mutregister"\;\,1
--------,1
Convert.ToDecimal(str3),1
\"\');select\,1
\"\where\,1
\"\','T'"\;\,1
\DR_MK["\pin1"\]\,1
0.01),1
\notice_date='"\\,1
\name="\srcTable"\>The\,1
\DR_MKB["\fname"\]\,1
\Convert.ToString(row2[1]).Trim()+"\\,1
\objclscommonfunedit.funUpdateValueSevarthID(tenure.Database,\,1
shown,1
\Buyertable.Rows[j]["\pin7"\].ToString()\,1
\"\@ccode"\,\,1
\objclscommonfunedit.funUpdateValueSevarthID(bojaAadeshane.Database,\,1
\"\mut_kharedi_seller_khata"\;\,1
\"\Yes"\)\,1
\"\@fname"\,\,1
pin1<>'',1
cuurent,1
\buyer_khata_no='"\\,1
history.Ccode,1
col_name);,1
\(Convert.ToString(row["\special_case"\])\,1
\objclscommonfunedit.funUpdateValueSevarthID(taran.Database,\,1
na.Ccode,1
\"\';"\;\,1
\objclscommonfunedit.funReturnDataSet(bojaK.Database,\,1
strDate.Split(charseperator);,1
old_mut_no,1
\objclscommonfunedit.funUpdateValue(certify.Database,\,1
\pincase"\\,1
\TableName,\,1
postgres,1
form1a,1
\Convert.ToInt32(ds.Tables[0].Rows[0]["\or_code1"\]);\,1
\updated,\,1
here...,1
\notice_issue_date_order,\,1
ma.ccode=m.ccode,1
form7a,1
\fpin3,string\,1
\,fname,address,usrno,khata_no,buyer_doc_type1,buyer_name,tenure_code,tenure_sub_code,pin,pin1,pin2,pin3,pin4,pin5,pin6,pin7,pin8\,1
(Condition,1
\Convert.ToString(row["\nave_area"\])\,1
sevarth_id),1
(user_no_f7k),1
values:,1
\"\',seller_area_pot2='"\\,1
form12_irrsource,1
\lname,string\,1
mk,1
throw,1
\dsNew.Tables[0].Rows[i]["\pin2"\].ToString()\,1
ADO.SqlDatabase,1
strarrDate[1],1
\Sellertable.Rows[i]["\pin3"\].ToString()\,1
&&,1
Convert.ToDecimal(str7),1
(DS_MK),1
\dsNew.Tables[0].Rows[i]["\pin5"\].ToString()\,1
dbHandler.SetInParameter,1
database.</param>,1
\INSERT,\,1
\"\,buyer_pai="\\,1
\func.ConvertDateToMMddyyyyFormat(Convert.ToString(row2["\sellerdate"\])));\,1
form1c,1
\Convert.ToString(row["\nave_potkharaba"\])\,1
gdv.DataSource,1
history.Pin6,1
typelib,1
i4,1
\Badal,\,1
cast(pin,1
\objclscommonfunedit.funReturnDataSet(na.Database,\,1
22,1
punrvasan.Val,1
(m.mut_status_code,1
dsf7k.Tables[0].Rows),1
\db_name,\,1
dsMaster,1
set.Tables[0].Rows.Count,1
\@fname%"\;\,1
\"\',seller_anne='"\\,1
\ccode,khta_no,fname,mname,lname,topan_name\,1
\ccode,khta_no,fname,mname,lname,topan_nam\,1
through,1
dsf7k,1
pin4='',1
\objclscommonfunedit.funInserSingleValue(japti.Database,\,1
28,1
funmutregister(string,1
\DR_MKB["\topan_name"\]\,1
2013,1
\Sellertable.Rows[i]["\pin8"\].ToString()\,1
Convert.ToInt32(mutType),1
Convert.ToDecimal(prices),1
\,mut_no\,1
\flag.Tables[0].Rows[j]["\pin2"\].ToString()\,1
-----,1
\Convert.ToString(row["\mname"\])\,1
fname);,1
Convert.ToInt32(str8),1
\dbHandler.SetCommandText(CommandText3,\,1
(DSMKS),1
DS_F7K(khata_no),1
(set.Tables[0],1
form6a,1
\DBName,\,1
mut_kharedi_buyer,1
\"\.mutrgister"\,\,1
\ds_h.Tables[0].Rows[i]["\pin7"\].ToString();\,1
\"\max(index_id)"\,\,1
Convert.ToInt32(str7),1
history.Pin7,1
(fname,1
\error_code='"\\,1
\successfully"\;\,1
sod,1
str3,1
strDate),1
(DS_F7K),1
dbCmd),1
taran.Val,1
24,1
\"\.pre_form7_orights"\,\,1
Convert.ToInt32(str10),1
strarrDate;,1
m.mut_status_code,1
\Sellertable.Rows[i]["\sellermname"\].ToString().Trim()\,1
\fpin5,string\,1
raj.Database;,1
form7b,1
etc,1
specify,1
(func.ConvertDateToMMddyyyyFormat(strDate));,1
\"\',seller_area_pot='"\\,1
\ma.mut_no=m.mut_no"\\,1
\Convert.ToString(row["\fname"\])\,1
attributes,1
void,1
\func.ConvertDateToMMddyyyyFormat(Convert.ToString(row2["\sellerdate"\]));\,1
form2,1
false,1
(flag,1
ds_h.Tables[0].Rows.Count,1
form1,1
\"\ccode,mut_no,pin,pin1,pin2,pin3,pin4,pin5,pin6,pin7,pin8,khata_no,nave_area,nave_assessment,fname,mname,lname,topan_name,special_case,nave_pot"\;\,1
\(ccode,mut_no)\,1
grv.DataBind();,1
m,1
\Convert.ToString(drpin["\pin2"\])\,1
respective,1
\Buyertable.Rows[j]["\pin2"\].ToString()\,1
Condition;,1
cast(pin1,1
\year+"\')"\;\,1
Convert.ToInt32(0x35),1
\ddl,\,1
\"\ccode,mut_no,pin,pin1,pin2,pin3,pin4,pin5,pin6,pin7,pin8,khata_no,purchase_area,seller_khata_no,buyer_assessment,fname,mname,lname,topan_name,seller_fname,seller_mname,seller_lname,seller_topan_name,purchase_pot"\;\,1
pin4<>'',1
\(ccode,numeric_pin,pin,pin1,pin2,pin3,pin4,pin5,pin6,pin7,pin8,year_culti)"\;\,1
\fpin4,string\,1
ds_h,1
\Sellertable.Rows[i]["\sellerlname"\].ToString().Trim()\,1
ds.Tables[0].Rows.Count,1
mk.ccode=m.ccode,1
old,1
drpin,1
\objclscommonfunedit.funUpdateValueSevarthID(japti.Database,\,1
components,1
\dsNew.Tables[0].Rows[i]["\pin6"\].ToString()\,1
\"\ccode,khata_no,usrno,numeric_pin,pin,pin1,pin2,pin3,pin4,pin5,pin6,pin7,pin8,old_mut_no"\,\,1
pin3='',1
gdv.DataBind();,1
\dsNew.Tables[0].Rows[i]["\ccode"\].ToString().Trim()\,1
(inputno,1
Convert.ToDecimal(str2),1
returned,1
\topanname,\,1
do,1
\"\.m_village_census\,1
\old_mut_no_bracket,\,1
controlled,1
\username='"\\,1
\buyer_area_culti='"\\,1
tableName,1
\name="\insertCmd"\>A\,1
end,1
func.ConvertDateToMMddyyyyFormat(mutdate1.ToShortDateString()),1
pin3<>'',1
\Sellertable.Rows[i]["\pin2"\].ToString()\,1
table_name3,1
\flag.Tables[0].Rows[j]["\pin"\].ToString()\,1
form7_orights,1
ccode=@ccode,1
(DS_MKB),1
1),1
\Convert.ToString(row["\seller_tname"\])\,1
(dsseason.Tables[0].Rows,1
spinsertall,1
\Sellertable.Rows[i]["\pin1"\].ToString()\,1
\"\"\,userid.Trim(),\,1
strFinalDate,1
\ds_h.Tables[0].Rows[i]["\pin8"\].ToString();\,1
Additional,1
\"\mutno="\\,1
ds1.Tables[0].Rows.Count,1
\Convert.ToString("\''"\)\,1
dbHandler.ExecuteNonQuery(dbCommand);,1
\fpin8,int\,1
'/';,1
\Sellertable.Rows[i]["\pin4"\].ToString()\,1
pin5<>'',1
\Convert.ToString(row["\topan_name"\])\,1
Major,1
DS_HD(khata_no),1
\ColValue,string\,1
\"\',buyer_area_pot='"\\,1
need,1
\seller_khata_no='"\\,1
\DR_MK["\pin5"\]\,1
\userid.Trim(),\,1
\Convert.ToString(drpin["\pin1"\])\,1
Minor,1
\ma.app_name='eMutation'"\\,1
raj.Ccode;,1
\Buyertable.Rows[j]["\pin3"\].ToString()\,1
\"\--निवडा--"\);\,1
k++),1
grv.DataSource,1
\('"\+\,1
all,1
\flag.Tables[0].Rows[j]["\pin6"\].ToString()\,1
\DR_MKB["\lname"\]\,1
session(mmut_type,1
\Exception("\The\,1
notice_date=NULL,1
\ds_h.Tables[0].Rows[i]["\pin6"\].ToString();\,1
columns,1
history,1
\buyer_khata_no,\,1
21,1
na.Val,1
dsMKBK,1
\"\mut_kharedi"\;\,1
\dsF7k=objclscommonfunedit.funReturnDataSet(kharedi.Database,"\"\\,1
Convert.ToDecimal(str),1
\mk.ccode=v.ccode"\\,1
exposed,1
\objclscommonfunedit.funUpdateValueSevarthID(ikrar.Database,\,1
sodnara,1
history.Pin5,1
logic,1
\"\True"\)\,1
history.Pin2,1
GUID,1
newPass,1
Numbers,1
mflag,1
set.</param>,1
pin<>'',1
DISTINCT,1
Not,1
year;,1
16,1
\"\ccode,mutationno,numeric_pin,pin,pin1,pin2,pin3,pin4,pin5,pin6,pin7,pin8,pending_mut_flag"\;\,1
//If,1
\objclscommonfunedit.funUpdateValueSevarthID(punrvasan.Database,\,1
v,1
\Convert.ToString(drpin["\pin8"\])\,1
\COM,\,1
\=53"\,\,1
these,1
form7_mut_no,1
instance,1
form6d,1
operation,1
registered,1
\databasname,\,1
pin5='',1
//bindservey();,1
20,1
0,1
(ds.Tables[0].Rows.Count,1
cast(pin3,1
\+="\values\,1
form1b,1
like,1
\objclscommonfunedit.funUpdateValueSevarthID(boja.Database,\,1
\vcode,Int64\,1
cast(pin6,1
x,1
System.Data.DataSet.</returns>,1
project,1
strarrDate[0],1
CommandText3,1
each,1
str54,1
Orderby),1
.Count,1
main,1
(DSMR),1
\"\old_mut_no\,1
\"\ccode,mut_no,pin,pin1,pin2,pin3,pin4,pin5,pin6,pin7,pin8,or_code3"\;\,1
\"\.mut_kharedi_seller\,1
\"\ror_sign_tables"\);\,1
Server,1
\"\"\,userid,\,1
successfully,1
General,1
str3);,1
func.ConvertDateToMMddyyyyFormat(string,1
DELETE,1
\"\.form8a"\,\,1
form6c,1
pin='',1
\marked<>'Y'"\;\,1
</param>,1
'-';,1
\UPDATE,\,1
(user_no_f7k,1
\Convert.ToString(row["\seller_fname"\])\,1
\mname,string\,1
\ds_h.Tables[0].Rows[i]["\pin5"\].ToString();\,1
\,mut_no='"\\,1
(ds1.Tables[0].Rows.Count,1
\"\tblrordetails"\;\,1
\Convert.ToString(row2[2]).Trim()+"\\,1
mutregister,1
statements,1
dsMaster.Tables[0].DefaultView;,1
2),1
about,1
\=64"\,\,1
\"\',old_mut_no='"\\,1
associated,1
\ds_h.Tables[0].Rows[i]["\pin"\].ToString();\,1
handler2.ExecuteNonQuery(command);,1
\notice_issue_date,\,1
Information,1
put,1
\implemented."\);\,1
dsMKSK,1
\"\SELECT\,1
\name="\connectionString"\>The\,1
\Convert.ToString(row["\nave_assessment"\])\,1
\Convert.ToString(drpin["\pin5"\])\,1
\Sellertable.Rows[i]["\sellerfname"\].ToString().Trim()\,1
year),1
form7,1
\ds_h.Tables[0].Rows[i]["\pin1"\].ToString();\,1
GridView,1
bracket,1
oldPass,1
\inserted,\,1
\DR_MK["\pin7"\]\,1
\DR_MK["\pin2"\]\,1
\dbHandler.SetCommandText(command,\,1
\"\--Select--"\);\,1
\dsNew.Tables[0].Rows[i]["\pin1"\].ToString()\,1
\objclscommonfunedit.funReturnDataSet(vapratBadal.Database,\,1
\name="\deleteCmd"\>A\,1
\certify.Val,\,1
\fpin,string\,1
DropDownList,1
\"\+schemaname+"\.mut_kharedi\,1
\flag.Tables[0].Rows[j]["\pin7"\].ToString()\,1
using,1
\"\',buyer_area_tot='"\\,1
19,1
\Buyertable.Rows[j]["\pin5"\].ToString()\,1
dbCmd3;,1
=cmdText,1
\certify.Schema,\,1
\flag.Tables[0].Rows[j]["\pin3"\].ToString()\,1
Change,1
\DR_MK["\pin8"\]\,1
char[2];,1
class,1
\mut_no,\,1
\dsNew.Tables[0].Rows[i]["\mut_no"\].ToString()\,1
ikrar.Val,1
userId,1
\Convert.ToString(drpin["\pin4"\])\,1
cast(pin8,1
tenure.Val,1
\docdate,\,1
DSMKS.Tables[0].Rows),1
ID,1
below:,1
sesion(mut_no),1
\handler2.SetCommandText(str5,\,1
m.notice_issue_date,1
Initializes,1
strFinalDate;,1
Convert.ToDecimal(str8),1
\ds_h.Tables[0].Rows[i]["\pin4"\].ToString();\,1
vcode.Trim(),1
\Sellertable.Rows[i]["\pin6"\].ToString()\,1
\"\ccode,mut_no,pin,pin1,pin2,pin3,pin4,pin5,pin6,pin7,pin8,khata_no,purchase_area,seller_khata_no,buyer_assessment,fname,mname,lname,topan_name,purchase_pot"\;\,1
\Buyertable.Rows[j]["\pin1"\].ToString()\,1
17,1
(func.ConvertDateToMMddyyyyFormat(strFinalDate));,1
\DR_MK["\pin6"\]\,1
'*',1
\dsNew.Tables[0].Rows[i]["\pin3"\].ToString()\,1
mapping.</param>,1
\Buyertable.Rows[j]["\pin6"\].ToString()\,1
\schemaname,\,1
\fpin2,string\,1
Setting,1
FROM,1
\Buyertable.Rows[j]["\pin4"\].ToString()\,1
\"\');"\;\,1
dbCmd3,1
\npin,string\,1
dsMaster;,1
\DS_HD("\marked"\)\,1
Convert.ToDecimal(str4),1
